<?xml version="1.0" encoding="UTF-8"?>
<DEFECTS>
  <DEFECT>
    <SFA>
      <FILEPATH>c:\users\liang\documents\计概作业\大作业\warcraft iii\warcraft iii\</FILEPATH>
      <FILENAME>源.cpp</FILENAME>
      <LINE>395</LINE>
      <COLUMN>7</COLUMN>
    </SFA>
    <DEFECTCODE>6031</DEFECTCODE>
    <DESCRIPTION>返回值被忽略: “scanf”。</DESCRIPTION>
    <FUNCTION>setHPList</FUNCTION>
    <DECORATED>?setHPList@@YAXXZ</DECORATED>
    <FUNCLINE>390</FUNCLINE>
    <PATH />
  </DEFECT>
  <DEFECT>
    <SFA>
      <FILEPATH>c:\users\liang\documents\计概作业\大作业\warcraft iii\warcraft iii\</FILEPATH>
      <FILENAME>源.cpp</FILENAME>
      <LINE>403</LINE>
      <COLUMN>23</COLUMN>
    </SFA>
    <DEFECTCODE>6244</DEFECTCODE>
    <DESCRIPTION>“n”的局部声明遮蔽了此前位于“8”行(“c:\users\liang\documents\计概作业\大作业\warcraft iii\warcraft iii\源.cpp”中)的声明。</DESCRIPTION>
    <FUNCTION>warrior::{ctor}</FUNCTION>
    <DECORATED>??0warrior@@QAE@PAVheadquarter@@ABH1@Z</DECORATED>
    <FUNCLINE>403</FUNCLINE>
    <PATH>
      <SFA>
        <FILEPATH>c:\users\liang\documents\计概作业\大作业\warcraft iii\warcraft iii\</FILEPATH>
        <FILENAME>源.cpp</FILENAME>
        <LINE>8</LINE>
        <COLUMN>5</COLUMN>
      </SFA>
    </PATH>
  </DEFECT>
  <DEFECT>
    <SFA>
      <FILEPATH>c:\users\liang\documents\计概作业\大作业\warcraft iii\warcraft iii\</FILEPATH>
      <FILENAME>源.cpp</FILENAME>
      <LINE>436</LINE>
      <COLUMN>30</COLUMN>
    </SFA>
    <DEFECTCODE>6244</DEFECTCODE>
    <DESCRIPTION>“n”的局部声明遮蔽了此前位于“8”行(“c:\users\liang\documents\计概作业\大作业\warcraft iii\warcraft iii\源.cpp”中)的声明。</DESCRIPTION>
    <FUNCTION>warrior::setWeapon</FUNCTION>
    <DECORATED>?setWeapon@warrior@@QAEXABH@Z</DECORATED>
    <FUNCLINE>436</FUNCLINE>
    <PATH>
      <SFA>
        <FILEPATH>c:\users\liang\documents\计概作业\大作业\warcraft iii\warcraft iii\</FILEPATH>
        <FILENAME>源.cpp</FILENAME>
        <LINE>8</LINE>
        <COLUMN>5</COLUMN>
      </SFA>
    </PATH>
  </DEFECT>
  <DEFECT>
    <SFA>
      <FILEPATH>c:\users\liang\documents\计概作业\大作业\warcraft iii\warcraft iii\</FILEPATH>
      <FILENAME>源.cpp</FILENAME>
      <LINE>527</LINE>
      <COLUMN>21</COLUMN>
    </SFA>
    <DEFECTCODE>6244</DEFECTCODE>
    <DESCRIPTION>“n”的局部声明遮蔽了此前位于“8”行(“c:\users\liang\documents\计概作业\大作业\warcraft iii\warcraft iii\源.cpp”中)的声明。</DESCRIPTION>
    <FUNCTION>dragon::{ctor}</FUNCTION>
    <DECORATED>??0dragon@@QAE@PAVheadquarter@@ABH@Z</DECORATED>
    <FUNCLINE>527</FUNCLINE>
    <PATH>
      <SFA>
        <FILEPATH>c:\users\liang\documents\计概作业\大作业\warcraft iii\warcraft iii\</FILEPATH>
        <FILENAME>源.cpp</FILENAME>
        <LINE>8</LINE>
        <COLUMN>5</COLUMN>
      </SFA>
    </PATH>
  </DEFECT>
  <DEFECT>
    <SFA>
      <FILEPATH>c:\users\liang\documents\计概作业\大作业\warcraft iii\warcraft iii\</FILEPATH>
      <FILENAME>源.cpp</FILENAME>
      <LINE>558</LINE>
      <COLUMN>19</COLUMN>
    </SFA>
    <DEFECTCODE>6244</DEFECTCODE>
    <DESCRIPTION>“n”的局部声明遮蔽了此前位于“8”行(“c:\users\liang\documents\计概作业\大作业\warcraft iii\warcraft iii\源.cpp”中)的声明。</DESCRIPTION>
    <FUNCTION>ninja::{ctor}</FUNCTION>
    <DECORATED>??0ninja@@QAE@PAVheadquarter@@ABH@Z</DECORATED>
    <FUNCLINE>558</FUNCLINE>
    <PATH>
      <SFA>
        <FILEPATH>c:\users\liang\documents\计概作业\大作业\warcraft iii\warcraft iii\</FILEPATH>
        <FILENAME>源.cpp</FILENAME>
        <LINE>8</LINE>
        <COLUMN>5</COLUMN>
      </SFA>
    </PATH>
  </DEFECT>
  <DEFECT>
    <SFA>
      <FILEPATH>c:\users\liang\documents\计概作业\大作业\warcraft iii\warcraft iii\</FILEPATH>
      <FILENAME>源.cpp</FILENAME>
      <LINE>572</LINE>
      <COLUMN>21</COLUMN>
    </SFA>
    <DEFECTCODE>6244</DEFECTCODE>
    <DESCRIPTION>“n”的局部声明遮蔽了此前位于“8”行(“c:\users\liang\documents\计概作业\大作业\warcraft iii\warcraft iii\源.cpp”中)的声明。</DESCRIPTION>
    <FUNCTION>iceman::{ctor}</FUNCTION>
    <DECORATED>??0iceman@@QAE@PAVheadquarter@@ABH@Z</DECORATED>
    <FUNCLINE>572</FUNCLINE>
    <PATH>
      <SFA>
        <FILEPATH>c:\users\liang\documents\计概作业\大作业\warcraft iii\warcraft iii\</FILEPATH>
        <FILENAME>源.cpp</FILENAME>
        <LINE>8</LINE>
        <COLUMN>5</COLUMN>
      </SFA>
    </PATH>
  </DEFECT>
  <DEFECT>
    <SFA>
      <FILEPATH>c:\users\liang\documents\计概作业\大作业\warcraft iii\warcraft iii\</FILEPATH>
      <FILENAME>源.cpp</FILENAME>
      <LINE>594</LINE>
      <COLUMN>17</COLUMN>
    </SFA>
    <DEFECTCODE>6244</DEFECTCODE>
    <DESCRIPTION>“n”的局部声明遮蔽了此前位于“8”行(“c:\users\liang\documents\计概作业\大作业\warcraft iii\warcraft iii\源.cpp”中)的声明。</DESCRIPTION>
    <FUNCTION>lion::{ctor}</FUNCTION>
    <DECORATED>??0lion@@QAE@PAVheadquarter@@ABH@Z</DECORATED>
    <FUNCLINE>594</FUNCLINE>
    <PATH>
      <SFA>
        <FILEPATH>c:\users\liang\documents\计概作业\大作业\warcraft iii\warcraft iii\</FILEPATH>
        <FILENAME>源.cpp</FILENAME>
        <LINE>8</LINE>
        <COLUMN>5</COLUMN>
      </SFA>
    </PATH>
  </DEFECT>
  <DEFECT>
    <SFA>
      <FILEPATH>c:\users\liang\documents\计概作业\大作业\warcraft iii\warcraft iii\</FILEPATH>
      <FILENAME>源.cpp</FILENAME>
      <LINE>622</LINE>
      <COLUMN>17</COLUMN>
    </SFA>
    <DEFECTCODE>6244</DEFECTCODE>
    <DESCRIPTION>“n”的局部声明遮蔽了此前位于“8”行(“c:\users\liang\documents\计概作业\大作业\warcraft iii\warcraft iii\源.cpp”中)的声明。</DESCRIPTION>
    <FUNCTION>wolf::{ctor}</FUNCTION>
    <DECORATED>??0wolf@@QAE@PAVheadquarter@@ABH@Z</DECORATED>
    <FUNCLINE>622</FUNCLINE>
    <PATH>
      <SFA>
        <FILEPATH>c:\users\liang\documents\计概作业\大作业\warcraft iii\warcraft iii\</FILEPATH>
        <FILENAME>源.cpp</FILENAME>
        <LINE>8</LINE>
        <COLUMN>5</COLUMN>
      </SFA>
    </PATH>
  </DEFECT>
  <DEFECT>
    <SFA>
      <FILEPATH>c:\users\liang\documents\计概作业\大作业\warcraft iii\warcraft iii\</FILEPATH>
      <FILENAME>源.cpp</FILENAME>
      <LINE>722</LINE>
      <COLUMN>16</COLUMN>
    </SFA>
    <DEFECTCODE>6262</DEFECTCODE>
    <DESCRIPTION>函数使用了堆栈的“80276”个字节: 超过了 /analyze:stacksize '16384'。 请考虑将某些数据移到堆中。</DESCRIPTION>
    <FUNCTION>work</FUNCTION>
    <DECORATED>?work@@YAXXZ</DECORATED>
    <FUNCLINE>722</FUNCLINE>
    <PATH />
  </DEFECT>
  <DEFECT>
    <SFA>
      <FILEPATH>c:\users\liang\documents\计概作业\大作业\warcraft iii\warcraft iii\</FILEPATH>
      <FILENAME>源.cpp</FILENAME>
      <LINE>725</LINE>
      <COLUMN>6</COLUMN>
    </SFA>
    <DEFECTCODE>6031</DEFECTCODE>
    <DESCRIPTION>返回值被忽略: “scanf”。</DESCRIPTION>
    <FUNCTION>work</FUNCTION>
    <DECORATED>?work@@YAXXZ</DECORATED>
    <FUNCLINE>722</FUNCLINE>
    <PATH />
  </DEFECT>
  <DEFECT>
    <SFA>
      <FILEPATH>c:\users\liang\documents\计概作业\大作业\warcraft iii\warcraft iii\</FILEPATH>
      <FILENAME>源.cpp</FILENAME>
      <LINE>744</LINE>
      <COLUMN>6</COLUMN>
    </SFA>
    <DEFECTCODE>6031</DEFECTCODE>
    <DESCRIPTION>返回值被忽略: “scanf”。</DESCRIPTION>
    <FUNCTION>main</FUNCTION>
    <DECORATED>main</DECORATED>
    <FUNCLINE>741</FUNCLINE>
    <PATH />
  </DEFECT>
</DEFECTS>